step,stage,loss,dprime_intra,dprime_inter,n_pass_blocks,advanced,regressed,alpha,lambda_ctx
350,3,1.357934,2.0322,0.1072,0,0,0,0.9755,0.5
400,3,1.055983,1.8447,0.0351,0,0,0,0.9505,0.5
450,3,1.052833,2.1624,-0.0334,0,0,0,0.9255,0.5
500,3,1.166854,2.4922,0.0150,0,0,0,0.9005,0.5
550,3,1.111392,1.7799,0.0254,0,0,0,0.8755,0.5
600,3,0.831578,1.7366,-0.0130,0,0,0,0.8505,0.5
650,3,0.733030,1.0238,-0.0689,0,0,0,0.8255,0.5
700,3,0.652532,1.9295,-0.0105,0,0,0,0.8005,0.5
750,3,0.403811,1.2986,-0.0407,0,0,0,0.7755,0.5
800,3,0.453091,0.7504,0.1928,0,0,0,0.7505,0.5
850,3,0.589974,2.3417,-0.1722,0,0,0,0.7255,0.5
900,3,0.364174,1.6254,-0.1149,0,0,0,0.7005,0.5
950,3,0.290936,1.5394,-0.1306,0,0,0,0.6755,0.5
1000,3,0.317652,0.9459,-0.0399,0,0,0,0.6505,0.5
1050,3,0.227683,1.0804,-0.2763,0,0,0,0.6255,0.5
1100,3,0.370962,0.6793,-0.1324,0,0,0,0.6005,0.5
1150,3,0.275853,1.4175,-0.1695,0,0,0,0.5755,0.5
1200,3,0.193310,0.8690,-0.2087,0,0,0,0.5505,0.5
1250,3,0.198798,1.1334,-0.3858,0,0,0,0.5255,0.5
1300,3,0.166436,1.1830,-0.3856,0,0,0,0.5005,0.5
1350,3,0.143060,0.9831,-0.0061,1,0,0,0.4755,0.5
1400,3,0.172780,0.9792,-0.1524,1,0,0,0.4505,0.5
1450,3,0.211038,1.2155,-0.6933,0,0,0,0.4255,0.5
1500,3,0.139093,1.1633,-0.4171,1,0,0,0.4005,0.5
1550,3,0.463686,1.0516,-0.3380,4,0,0,0.3755,0.5
1600,3,0.124162,1.5637,-0.3839,0,0,0,0.3505,0.5
1650,3,0.138910,1.1418,-0.5360,3,0,0,0.3255,0.5
1700,3,0.133902,1.3025,-0.4542,4,0,0,0.3005,0.5
1750,3,0.125623,1.7133,-0.5378,0,0,0,0.2755,0.5
1800,3,0.190125,1.4194,-0.7797,1,0,0,0.2505,0.5
1850,3,0.105752,1.6278,-0.2216,5,0,0,0.2255,0.5
1900,3,0.123120,1.9279,-0.2211,4,0,0,0.2005,0.5
1950,3,0.586410,3.4583,1.1176,5,0,0,0.1755,0.5
2000,3,0.901404,4.1626,0.0850,0,0,0,0.1505,0.5
2050,3,0.656566,3.6565,0.7129,5,0,0,0.1255,0.5
2100,3,0.528914,3.0303,0.6684,4,0,0,0.1005,0.5
2150,3,0.859089,1.4025,-0.3661,0,0,0,0.0755,0.5
2200,3,1.025778,3.1576,0.6370,5,0,0,0.0505,0.5
2250,3,1.150790,2.3677,0.3709,0,0,0,0.0255,0.5
2300,3,1.035683,2.5994,0.3133,1,0,0,0.0005,0.5
2350,3,1.045979,2.1129,-0.0694,0,0,0,0.0000,0.5
2400,3,1.082811,2.7340,-0.1182,0,0,0,0.0000,0.5
2450,3,1.013087,2.6603,0.0651,0,0,0,0.0000,0.5
2500,3,0.912526,3.0197,0.0457,0,0,0,0.0000,0.5
2550,3,1.094103,2.5697,-0.0636,0,0,0,0.0000,0.5
2600,3,1.202196,2.5681,-0.0382,0,0,0,0.0000,0.5
2650,3,0.768490,2.8730,0.0359,0,0,0,0.0000,0.5
2700,3,0.819131,3.3352,0.0207,0,0,0,0.0000,0.5
2750,3,1.000860,2.7350,-0.0876,0,0,0,0.0000,0.5
2800,3,0.942762,2.7140,0.0697,0,0,0,0.0000,0.5
2850,3,0.892414,3.3297,0.1149,0,0,0,0.0000,0.5
2900,3,0.893265,3.0214,0.1560,0,0,0,0.0000,0.5
2950,3,0.966535,2.8183,0.0328,0,0,0,0.0000,0.5
3000,3,1.011437,2.7823,-0.0601,0,0,0,0.0000,0.5
3050,3,0.698304,3.5893,-0.0495,0,0,0,0.0000,0.5
3100,3,0.840392,3.1692,-0.0402,0,0,0,0.0000,0.5
3150,3,0.733395,3.3587,0.2253,0,0,0,0.0000,0.5
3200,3,0.719518,3.4349,0.0666,0,0,0,0.0000,0.5
3250,3,0.753426,3.1433,0.1883,0,0,0,0.0000,0.5
3300,3,0.665495,3.8458,0.1820,0,0,0,0.0000,0.5
3350,3,0.986220,2.7507,0.0217,0,0,0,0.0000,0.5
3400,3,0.838801,3.0055,0.0189,0,0,0,0.0000,0.5
3450,3,0.781694,3.4903,0.1044,0,0,0,0.0000,0.5
3500,3,0.944374,2.7420,0.0592,0,0,0,0.0000,0.5
3550,3,0.717686,3.9662,-0.0042,0,0,0,0.0000,0.5
3600,3,0.803623,3.2608,0.0601,0,0,0,0.0000,0.5
3650,3,0.917982,3.2054,0.1698,0,0,0,0.0000,0.5
3700,3,0.782677,3.6850,0.2363,0,0,0,0.0000,0.5
3750,3,0.770548,3.1607,0.1374,0,0,0,0.0000,0.5
3800,3,0.791673,2.7545,0.0292,0,0,0,0.0000,0.5
3850,3,0.866923,2.8962,0.0589,0,0,0,0.0000,0.5
3900,3,0.808298,3.2044,0.1505,0,0,0,0.0000,0.5
3950,3,0.563489,3.8332,0.0844,0,0,0,0.0000,0.5
4000,3,0.931747,3.0825,-0.0271,0,0,0,0.0000,0.5
4050,3,0.924703,2.5462,0.1270,0,0,0,0.0000,0.5
4100,3,0.904465,2.8357,-0.0168,0,0,0,0.0000,0.5
4150,3,0.731312,4.4777,0.1322,0,0,0,0.0000,0.5
4200,3,1.019516,3.2831,0.1839,0,0,0,0.0000,0.5
4250,3,1.030032,2.7957,-0.0168,0,0,0,0.0000,0.5
4300,3,0.879871,2.6552,0.0216,0,0,0,0.0000,0.5
4350,4,0.213075,4.4622,0.0456,0,0,0,0.0000,0.0
4400,4,0.202765,4.2743,-0.0561,0,0,0,0.0000,0.0
4450,4,0.199941,4.3468,0.2447,0,0,0,0.0000,0.0
4500,4,0.230745,4.1100,-0.0296,0,0,0,0.0000,0.0
4550,4,0.184547,4.4178,0.0248,0,0,0,0.0000,0.0
4600,4,0.198016,4.3094,0.1546,0,0,0,0.0000,0.0
4650,4,0.180186,4.4233,0.0782,0,0,0,0.0000,0.0
4700,4,0.170299,4.2009,-0.1818,0,0,0,0.0000,0.0
4750,4,0.172189,4.3626,0.0906,0,0,0,0.0000,0.0
4800,4,0.163973,4.5330,0.0696,0,0,0,0.0000,0.0
4850,4,0.189659,4.2585,-0.2565,0,0,0,0.0000,0.0
4900,4,0.186392,4.2310,-0.0767,0,0,0,0.0000,0.0
4950,4,0.186756,4.0360,0.1617,0,0,0,0.0000,0.0
5000,4,0.197191,4.5454,0.3040,0,0,0,0.0000,0.0
5050,4,0.208599,4.0470,0.0701,0,0,0,0.0000,0.0
5100,4,0.176754,4.5484,-0.0431,0,0,0,0.0000,0.0
5150,4,0.167710,4.3357,-0.0340,0,0,0,0.0000,0.0
5200,4,0.179283,4.4427,-0.0081,0,0,0,0.0000,0.0
5250,4,0.177649,4.1061,0.1220,0,0,0,0.0000,0.0
5300,4,0.181198,4.4422,0.0663,0,0,0,0.0000,0.0
5350,4,0.179088,4.3398,0.0632,0,0,0,0.0000,0.0
5400,4,0.221358,3.9842,0.1573,0,0,0,0.0000,0.0
5450,4,0.201872,4.2377,0.0179,0,0,0,0.0000,0.0
5500,4,0.192003,4.1825,0.0502,0,0,0,0.0000,0.0
5550,4,0.205040,4.2259,-0.1513,0,0,0,0.0000,0.0
5600,4,0.224983,4.0968,0.0990,0,0,0,0.0000,0.0
5650,4,0.252191,3.4921,0.0982,0,0,0,0.0000,0.0
5700,4,0.187097,4.1819,0.1749,0,0,0,0.0000,0.0
5750,4,0.227542,3.7071,-0.1386,0,0,0,0.0000,0.0
5800,4,0.203386,4.0130,-0.1191,0,0,0,0.0000,0.0
5850,4,0.228376,4.1406,0.0864,0,0,0,0.0000,0.0
5900,4,0.196546,4.1539,0.1158,0,0,0,0.0000,0.0
5950,4,0.223947,3.8921,-0.0920,0,0,0,0.0000,0.0
6000,4,0.190266,4.2131,0.2196,0,0,0,0.0000,0.0
6050,4,0.222933,3.8692,0.1014,0,0,0,0.0000,0.0
6100,4,0.240002,3.9802,0.1537,0,0,0,0.0000,0.0
6150,4,0.240698,3.9278,0.0805,0,0,0,0.0000,0.0
6200,4,0.211869,3.9847,0.0126,0,0,0,0.0000,0.0
6250,4,0.218738,3.9585,-0.0050,0,0,0,0.0000,0.0
6300,4,0.225027,4.2145,0.3214,0,0,0,0.0000,0.0
6350,4,0.212453,4.0582,0.1191,0,0,0,0.0000,0.0
6400,4,0.205654,3.9199,0.0903,0,0,0,0.0000,0.0
6450,4,0.216356,4.2268,0.2145,0,0,0,0.0000,0.0
6500,4,0.240958,3.9638,0.2254,0,0,0,0.0000,0.0
6550,4,0.222835,3.7800,-0.0971,0,0,0,0.0000,0.0
6600,4,0.240137,3.9955,0.1878,0,0,0,0.0000,0.0
6650,4,0.211994,4.2862,0.1120,0,0,0,0.0000,0.0
6700,4,0.253050,3.8540,0.0385,0,0,0,0.0000,0.0
6750,4,0.257581,3.7959,0.1605,0,0,0,0.0000,0.0
6800,4,0.231890,3.8456,0.1295,0,0,0,0.0000,0.0
6850,4,0.207175,3.7078,0.0208,0,0,0,0.0000,0.0
6900,4,0.224172,4.0636,0.1502,0,0,0,0.0000,0.0
6950,4,0.233871,4.0323,0.0582,0,0,0,0.0000,0.0
7000,4,0.232517,3.7887,-0.0313,0,0,0,0.0000,0.0
7050,4,0.240071,4.2412,0.2910,0,0,0,0.0000,0.0
7100,4,0.246778,3.6856,-0.0457,0,0,0,0.0000,0.0
7150,4,0.223379,3.9131,0.2193,0,0,0,0.0000,0.0
7200,4,0.198981,4.5207,0.0170,0,0,0,0.0000,0.0
7250,4,0.204772,4.2482,0.1462,0,0,0,0.0000,0.0
7300,4,0.175638,4.4495,0.0975,0,0,0,0.0000,0.0
7350,4,0.213285,3.8867,0.1278,0,0,0,0.0000,0.0
7400,4,0.220034,4.1915,0.1824,0,0,0,0.0000,0.0
7450,4,0.211973,4.0763,0.0650,0,0,0,0.0000,0.0
7500,4,0.203033,4.0918,0.1858,0,0,0,0.0000,0.0
7550,4,0.207808,4.2988,0.2991,0,0,0,0.0000,0.0
7600,4,0.208418,4.0635,0.0408,0,0,0,0.0000,0.0
7650,4,0.221511,4.2150,0.0495,0,0,0,0.0000,0.0
7700,4,0.197481,4.2313,0.0290,0,0,0,0.0000,0.0
7750,4,0.193360,4.2389,0.0620,0,0,0,0.0000,0.0
7800,4,0.247255,4.0730,0.1361,0,0,0,0.0000,0.0
7850,4,0.200945,4.1016,-0.0180,0,0,0,0.0000,0.0
7900,4,0.225016,3.9554,0.1851,0,0,0,0.0000,0.0
7950,4,0.222806,4.2720,0.2786,0,0,0,0.0000,0.0
8000,4,0.244218,4.1783,0.1808,0,0,0,0.0000,0.0
8050,4,0.209714,4.1488,0.2218,0,0,0,0.0000,0.0
8100,4,0.189421,4.3524,0.2512,0,0,0,0.0000,0.0
8150,4,0.182911,4.3437,0.0767,0,0,0,0.0000,0.0
8200,4,0.167156,4.4944,0.3180,0,0,0,0.0000,0.0
8250,4,0.206632,4.1234,0.0115,0,0,0,0.0000,0.0
8300,4,0.241312,3.7761,-0.0108,0,0,0,0.0000,0.0
8350,4,0.254615,3.7727,0.2476,0,0,0,0.0000,0.0
8400,4,0.198310,4.0865,0.0527,0,0,0,0.0000,0.0
8450,4,0.203085,4.2619,0.0261,0,0,0,0.0000,0.0
8500,4,0.183147,4.2730,-0.1901,0,0,0,0.0000,0.0
8550,4,0.198959,3.9611,-0.0995,0,0,0,0.0000,0.0
8600,4,0.286344,3.9010,0.2242,0,0,0,0.0000,0.0
8650,4,0.202620,3.7003,-0.0263,0,0,0,0.0000,0.0
8700,4,0.222252,4.0808,0.0170,0,0,0,0.0000,0.0
8750,4,0.199998,4.2317,0.0448,0,0,0,0.0000,0.0
8800,4,0.149729,4.5222,-0.0086,0,0,0,0.0000,0.0
8850,4,0.201841,4.3685,0.1136,0,0,0,0.0000,0.0
8900,4,0.168036,4.0522,-0.2057,0,0,0,0.0000,0.0
8950,4,0.154315,4.5962,0.1394,0,0,0,0.0000,0.0
9000,4,0.221270,4.1238,0.0182,0,0,0,0.0000,0.0
9050,4,0.176669,4.4065,0.0183,0,0,0,0.0000,0.0
9100,4,0.226587,4.1001,0.1582,0,0,0,0.0000,0.0
9150,4,0.186069,4.2653,0.2295,0,0,0,0.0000,0.0
9200,4,0.226142,4.2344,0.1565,0,0,0,0.0000,0.0
9250,4,0.212603,4.1841,0.1121,0,0,0,0.0000,0.0
9300,4,0.204588,4.1302,0.1103,0,0,0,0.0000,0.0
9350,4,0.165520,4.4008,-0.0152,0,0,0,0.0000,0.0
9400,4,0.225962,3.9685,0.3379,0,0,0,0.0000,0.0
9450,4,0.221143,4.1644,0.1526,0,0,0,0.0000,0.0
9500,4,0.210535,3.7365,0.1201,0,0,0,0.0000,0.0
9550,4,0.216499,3.8441,-0.2208,0,0,0,0.0000,0.0
9600,4,0.204985,4.2361,-0.0823,0,0,0,0.0000,0.0
9650,4,0.179333,4.3768,0.3250,0,0,0,0.0000,0.0
9700,4,0.160838,4.5040,0.0805,0,0,0,0.0000,0.0
9750,4,0.179046,4.4109,0.0825,0,0,0,0.0000,0.0
9800,4,0.180743,4.1959,-0.0499,0,0,0,0.0000,0.0
9850,4,0.231161,3.9596,0.0131,0,0,0,0.0000,0.0
9900,4,0.131129,4.5873,0.0078,0,0,0,0.0000,0.0
9950,4,0.148153,4.1845,0.1404,0,0,0,0.0000,0.0
10000,4,0.209470,3.7478,0.1895,0,0,0,0.0000,0.0
10050,4,0.188238,4.3190,0.0996,0,0,0,0.0000,0.0
10100,4,0.187927,4.2355,0.1932,0,0,0,0.0000,0.0
10150,4,0.192044,3.9966,-0.0536,0,0,0,0.0000,0.0
10200,4,0.185633,4.4198,0.1384,0,0,0,0.0000,0.0
10250,4,0.139973,4.4010,-0.0187,0,0,0,0.0000,0.0
10300,4,0.194722,4.2364,0.1182,0,0,0,0.0000,0.0
10350,4,0.142285,4.4730,0.0317,0,0,0,0.0000,0.0
10400,4,0.148494,4.4659,0.1482,0,0,0,0.0000,0.0
10450,4,0.158819,4.5575,0.0810,0,0,0,0.0000,0.0
10500,4,0.080671,4.6527,0.0148,0,0,0,0.0000,0.0
10550,4,0.150718,4.5644,-0.0144,0,0,0,0.0000,0.0
10600,4,0.140164,4.5343,0.2102,0,0,0,0.0000,0.0
10650,4,0.167976,4.2113,0.2919,0,0,0,0.0000,0.0
10700,4,0.132444,4.5639,0.2214,0,0,0,0.0000,0.0
10750,4,0.130045,4.4174,0.0571,0,0,0,0.0000,0.0
10800,4,0.152518,4.1888,0.3406,0,0,0,0.0000,0.0
10850,4,0.186553,4.1388,0.1721,0,0,0,0.0000,0.0
10900,4,0.128197,4.4038,0.1125,0,0,0,0.0000,0.0
10950,4,0.148262,4.3931,0.2918,0,0,0,0.0000,0.0
11000,4,0.135014,4.5761,0.0768,0,0,0,0.0000,0.0
11050,4,0.154526,4.2220,0.0013,0,0,0,0.0000,0.0
11100,4,0.127634,4.5431,0.1661,0,0,0,0.0000,0.0
11150,4,0.116674,4.5307,0.1840,0,0,0,0.0000,0.0
11200,4,0.157975,4.4333,0.2543,0,0,0,0.0000,0.0
11250,4,0.119908,4.5955,0.0396,0,0,0,0.0000,0.0
11300,4,0.143388,4.3676,-0.0234,0,0,0,0.0000,0.0
11350,4,0.152239,4.2101,-0.0306,0,0,0,0.0000,0.0
11400,4,0.132251,4.3297,-0.1747,0,0,0,0.0000,0.0
11450,4,0.107281,4.5192,0.0672,0,0,0,0.0000,0.0
11500,4,0.121974,4.5352,-0.0093,0,0,0,0.0000,0.0
11550,4,0.117289,4.4506,0.0970,0,0,0,0.0000,0.0
11600,4,0.134632,4.1515,0.0551,0,0,0,0.0000,0.0
11650,4,0.154644,4.5637,0.0770,0,0,0,0.0000,0.0
11700,4,0.154707,4.4338,-0.0335,0,0,0,0.0000,0.0
11750,4,0.106566,4.6527,0.0458,0,0,0,0.0000,0.0
11800,4,0.131823,4.1167,0.0877,0,0,0,0.0000,0.0
11850,4,0.115187,4.5175,0.0770,0,0,0,0.0000,0.0
11900,4,0.159065,4.2614,0.0023,0,0,0,0.0000,0.0
11950,4,0.102267,4.5332,-0.0170,0,0,0,0.0000,0.0
12000,4,0.150662,4.0750,0.0425,0,0,0,0.0000,0.0
12050,4,0.117708,4.2479,0.2326,0,0,0,0.0000,0.0
12100,4,0.114266,4.6206,0.1264,0,0,0,0.0000,0.0
12150,4,0.115118,4.4694,-0.0328,0,0,0,0.0000,0.0
12200,4,0.110807,4.5749,0.1160,0,0,0,0.0000,0.0
12250,4,0.100270,4.5496,-0.0025,0,0,0,0.0000,0.0
12300,4,0.120921,4.5505,0.0917,0,0,0,0.0000,0.0
12350,4,0.108617,4.5961,0.0139,0,0,0,0.0000,0.0
12400,4,0.103791,4.6236,0.1245,0,0,0,0.0000,0.0
12450,4,0.122270,4.5783,-0.0161,0,0,0,0.0000,0.0
12500,4,0.117349,4.3790,-0.0632,0,0,0,0.0000,0.0
12550,4,0.113217,4.5712,0.0481,0,0,0,0.0000,0.0
12600,4,0.065034,4.6527,0.0000,0,0,0,0.0000,0.0
12650,4,0.087292,4.5061,-0.0542,0,0,0,0.0000,0.0
12700,4,0.073983,4.6390,-0.0137,0,0,0,0.0000,0.0
12750,4,0.083235,4.6527,0.0315,0,0,0,0.0000,0.0
12800,4,0.099949,4.5781,0.0839,0,0,0,0.0000,0.0
12850,4,0.094219,4.5523,0.0355,0,0,0,0.0000,0.0
12900,4,0.112374,4.4498,0.1206,0,0,0,0.0000,0.0
12950,4,0.083922,4.6218,-0.0309,0,0,0,0.0000,0.0
13000,4,0.101885,4.5943,0.0181,0,0,0,0.0000,0.0
13050,4,0.129149,4.2523,-0.0913,0,0,0,0.0000,0.0
13100,4,0.063967,4.6527,0.0137,0,0,0,0.0000,0.0
13150,4,0.126416,4.5231,0.2887,0,0,0,0.0000,0.0
13200,4,0.069715,4.6373,0.0449,0,0,0,0.0000,0.0
13250,4,0.124515,4.4476,0.1655,0,0,0,0.0000,0.0
13300,4,0.065158,4.6097,-0.0150,0,0,0,0.0000,0.0
13350,4,0.072036,4.6527,0.0000,0,0,0,0.0000,0.0
13400,4,0.074602,4.6527,0.0446,0,0,0,0.0000,0.0
13450,4,0.133221,4.5670,-0.0118,0,0,0,0.0000,0.0
13500,4,0.092468,4.5806,0.0326,0,0,0,0.0000,0.0
13550,4,0.093205,4.6081,0.0029,0,0,0,0.0000,0.0
13600,4,0.071572,4.5139,-0.1102,0,0,0,0.0000,0.0
13650,4,0.069668,4.6527,0.0148,0,0,0,0.0000,0.0
13700,4,0.102137,4.5168,0.1219,0,0,0,0.0000,0.0
13750,4,0.100450,4.5299,-0.0518,0,0,0,0.0000,0.0
13800,4,0.133736,4.4137,0.1404,0,0,0,0.0000,0.0
13850,4,0.104144,4.3602,0.1944,0,0,0,0.0000,0.0
13900,4,0.118696,4.5874,0.0808,0,0,0,0.0000,0.0
13950,4,0.106967,4.5073,0.0229,0,0,0,0.0000,0.0
14000,4,0.096061,4.3781,0.0966,0,0,0,0.0000,0.0
14050,4,0.131832,4.4905,0.0297,0,0,0,0.0000,0.0
14100,4,0.116218,4.5956,0.1106,0,0,0,0.0000,0.0
14150,4,0.096322,4.5594,0.0558,0,0,0,0.0000,0.0
14200,4,0.049267,4.6527,0.0148,0,0,0,0.0000,0.0
14250,4,0.094142,4.5627,-0.0585,0,0,0,0.0000,0.0
14300,4,0.103913,4.6064,0.0236,0,0,0,0.0000,0.0
14350,4,0.102250,4.5621,0.0012,0,0,0,0.0000,0.0
14400,4,0.083086,4.6224,0.0602,0,0,0,0.0000,0.0
14450,4,0.090669,4.4983,0.1134,0,0,0,0.0000,0.0
14500,4,0.106963,4.4389,0.2652,0,0,0,0.0000,0.0
14550,4,0.069586,4.6070,-0.0012,0,0,0,0.0000,0.0
14600,4,0.092111,4.5805,0.0001,0,0,0,0.0000,0.0
14650,4,0.072113,4.6527,0.0924,0,0,0,0.0000,0.0
14700,4,0.104721,4.5495,0.0306,0,0,0,0.0000,0.0
14750,4,0.094177,4.4266,-0.0140,0,0,0,0.0000,0.0
14800,4,0.076695,4.6379,-0.0017,0,0,0,0.0000,0.0
14850,4,0.090998,4.5606,0.0838,0,0,0,0.0000,0.0
14900,4,0.106269,4.5467,0.0147,0,0,0,0.0000,0.0
14950,4,0.081597,4.6081,0.0127,0,0,0,0.0000,0.0
15000,4,0.079463,4.6052,0.0086,0,0,0,0.0000,0.0
15050,4,0.088770,4.6396,0.0274,0,0,0,0.0000,0.0
15100,4,0.093697,4.6241,0.0490,0,0,0,0.0000,0.0
15150,4,0.079704,4.5776,-0.0145,0,0,0,0.0000,0.0
15200,4,0.076270,4.5648,0.0041,0,0,0,0.0000,0.0
15250,4,0.107731,4.5522,0.0057,0,0,0,0.0000,0.0
15300,4,0.087245,4.5845,0.0217,0,0,0,0.0000,0.0
15350,4,0.071143,4.6218,-0.0018,0,0,0,0.0000,0.0
15400,4,0.087061,4.5641,0.0181,0,0,0,0.0000,0.0
15450,4,0.081213,4.6087,0.1097,0,0,0,0.0000,0.0
15500,4,0.078237,4.5590,-0.0179,0,0,0,0.0000,0.0
15550,4,0.072144,4.6224,-0.0023,0,0,0,0.0000,0.0
15600,4,0.081774,4.6235,0.0458,0,0,0,0.0000,0.0
15650,4,0.085299,4.5486,0.0099,0,0,0,0.0000,0.0
15700,4,0.106935,4.5164,0.0307,0,0,0,0.0000,0.0
15750,4,0.083043,4.5772,0.0047,0,0,0,0.0000,0.0
15800,4,0.100071,4.5627,0.0890,0,0,0,0.0000,0.0
15850,4,0.076049,4.6527,0.0606,0,0,0,0.0000,0.0
15900,4,0.069428,4.6087,-0.0280,0,0,0,0.0000,0.0
15950,4,0.106827,4.4459,0.0537,0,0,0,0.0000,0.0
16000,4,0.094135,4.6087,0.0510,0,0,0,0.0000,0.0
16050,4,0.071837,4.6224,0.0464,0,0,0,0.0000,0.0
16100,4,0.051480,4.6367,0.0000,0,0,0,0.0000,0.0
16150,4,0.072895,4.6247,0.0172,0,0,0,0.0000,0.0
16200,4,0.079765,4.6016,-0.0076,0,0,0,0.0000,0.0
16250,4,0.077481,4.6230,0.0440,0,0,0,0.0000,0.0
16300,4,0.064166,4.6396,0.0006,0,0,0,0.0000,0.0
16350,4,0.091995,4.5498,-0.0154,0,0,0,0.0000,0.0
16400,4,0.074387,4.6218,0.0277,0,0,0,0.0000,0.0
16450,4,0.074950,4.6361,0.0445,0,0,0,0.0000,0.0
16500,4,0.082725,4.6099,0.0638,0,0,0,0.0000,0.0
16550,4,0.069452,4.5363,-0.0239,0,0,0,0.0000,0.0
16600,4,0.063548,4.6116,0.0059,0,0,0,0.0000,0.0
16650,4,0.073037,4.5737,-0.0094,0,0,0,0.0000,0.0
16700,4,0.072628,4.6379,0.0006,0,0,0,0.0000,0.0
16750,4,0.075757,4.6206,0.0552,0,0,0,0.0000,0.0
16800,4,0.039426,4.6527,0.0000,0,0,0,0.0000,0.0
16850,4,0.075433,4.6247,-0.0131,0,0,0,0.0000,0.0
16900,4,0.085235,4.5761,-0.0480,0,0,0,0.0000,0.0
16950,4,0.077761,4.5480,-0.0038,0,0,0,0.0000,0.0
17000,4,0.076037,4.6229,-0.0298,0,0,0,0.0000,0.0
17050,4,0.088353,4.5910,0.0698,0,0,0,0.0000,0.0
17100,4,0.075932,4.6527,0.0608,0,0,0,0.0000,0.0
17150,4,0.066529,4.6086,0.0554,0,0,0,0.0000,0.0
17200,4,0.096016,4.5942,0.0494,0,0,0,0.0000,0.0
17250,4,0.062676,4.6527,0.0000,0,0,0,0.0000,0.0
17300,4,0.072980,4.5637,0.0392,0,0,0,0.0000,0.0
17350,4,0.074365,4.5772,0.0148,0,0,0,0.0000,0.0
17400,4,0.066803,4.6379,0.0115,0,0,0,0.0000,0.0
17450,4,0.077029,4.5816,-0.0236,0,0,0,0.0000,0.0
17500,4,0.074374,4.5462,0.0256,0,0,0,0.0000,0.0
17550,4,0.063380,4.5267,-0.0808,0,0,0,0.0000,0.0
17600,4,0.072768,4.5765,-0.0602,0,0,0,0.0000,0.0
17650,4,0.072371,4.6212,0.0000,0,0,0,0.0000,0.0
17700,4,0.058058,4.6527,0.0327,0,0,0,0.0000,0.0
17750,4,0.060733,4.6379,0.0425,0,0,0,0.0000,0.0
17800,4,0.052957,4.6527,0.0185,0,0,0,0.0000,0.0
17850,4,0.058786,4.6218,0.0505,0,0,0,0.0000,0.0
17900,4,0.069420,4.5828,-0.0408,0,0,0,0.0000,0.0
17950,4,0.080086,4.5743,-0.0451,0,0,0,0.0000,0.0
18000,4,0.049092,4.6396,-0.0131,0,0,0,0.0000,0.0
18050,4,0.084731,4.4918,0.0384,0,0,0,0.0000,0.0
18100,4,0.067588,4.6218,0.0102,0,0,0,0.0000,0.0
18150,4,0.095830,4.5498,0.0731,0,0,0,0.0000,0.0
18200,4,0.037160,4.6527,0.0000,0,0,0,0.0000,0.0
18250,4,0.053384,4.6527,0.0451,0,0,0,0.0000,0.0
18300,4,0.071760,4.6077,0.0282,0,0,0,0.0000,0.0
18350,4,0.070514,4.5936,-0.0154,0,0,0,0.0000,0.0
18400,4,0.100029,4.4852,-0.0926,0,0,0,0.0000,0.0
18450,4,0.075461,4.4413,0.0446,0,0,0,0.0000,0.0
18500,4,0.088914,4.6063,0.0166,0,0,0,0.0000,0.0
18550,4,0.070440,4.6057,-0.0036,0,0,0,0.0000,0.0
18600,4,0.068709,4.6218,-0.0309,0,0,0,0.0000,0.0
18650,4,0.063410,4.6070,-0.0297,0,0,0,0.0000,0.0
18700,4,0.068647,4.5890,0.1617,0,0,0,0.0000,0.0
18750,4,0.075454,4.6224,-0.0160,0,0,0,0.0000,0.0
18800,4,0.096817,4.5304,-0.0794,0,0,0,0.0000,0.0
18850,4,0.080448,4.5491,0.0163,0,0,0,0.0000,0.0
18900,4,0.045846,4.6218,0.0006,0,0,0,0.0000,0.0
18950,4,0.064970,4.6110,-0.0417,0,0,0,0.0000,0.0
19000,4,0.080969,4.5927,-0.0017,0,0,0,0.0000,0.0
19050,4,0.072181,4.6235,0.0337,0,0,0,0.0000,0.0
19100,4,0.053647,4.6367,-0.0006,0,0,0,0.0000,0.0
19150,4,0.091230,4.5195,0.0404,0,0,0,0.0000,0.0
19200,4,0.072968,4.6527,0.1327,0,0,0,0.0000,0.0
19250,4,0.064663,4.6217,0.0125,0,0,0,0.0000,0.0
19300,4,0.057077,4.5955,-0.0275,0,0,0,0.0000,0.0
19350,4,0.052383,4.6384,-0.0143,0,0,0,0.0000,0.0
19400,4,0.051827,4.6390,0.0143,0,0,0,0.0000,0.0
19450,4,0.049401,4.6527,0.0286,0,0,0,0.0000,0.0
19500,4,0.065592,4.6384,0.0185,0,0,0,0.0000,0.0
19550,4,0.063242,4.6057,0.0078,0,0,0,0.0000,0.0
19600,4,0.055992,4.6224,-0.0303,0,0,0,0.0000,0.0
19650,4,0.090215,4.5767,0.1178,0,0,0,0.0000,0.0
19700,4,0.061846,4.5513,-0.0871,0,0,0,0.0000,0.0
19750,4,0.063916,4.6149,0.0673,0,0,0,0.0000,0.0
19800,4,0.096689,4.4254,0.0674,0,0,0,0.0000,0.0
19850,4,0.070059,4.6527,0.0423,0,0,0,0.0000,0.0
19900,4,0.057443,4.5928,-0.0171,0,0,0,0.0000,0.0
19950,4,0.045691,4.6379,0.0018,0,0,0,0.0000,0.0
20000,4,0.062771,4.6384,0.0143,0,0,0,0.0000,0.0
20050,4,0.048828,4.6379,-0.0011,0,0,0,0.0000,0.0
20100,4,0.072330,4.5187,-0.0170,0,0,0,0.0000,0.0
20150,4,0.068095,4.6034,-0.0202,0,0,0,0.0000,0.0
20200,4,0.062897,4.6212,0.0820,0,0,0,0.0000,0.0
20250,4,0.052274,4.6527,0.0121,0,0,0,0.0000,0.0
20300,4,0.063673,4.5867,0.0554,0,0,0,0.0000,0.0
